name,age,email
Christina Stephens,40,nicole11@gmail.com
Allison Wagner MD,abc,fmitchell@smith.com
Susan Marquez,,kathrynfletcher@ortiz-warner.biz
James Atkins,53,sarahthompson@gmail.com
Haley Porter,52,qnguyen@gmail.com
Jose Benson DVM,,jenniferjones@andrews.com
,abc,ybrown@hotmail.com
Jeffrey Rogers,,frank92example.com
Nicholas Davis,,brittanynorton@perez.com
Lisa Martin,notanumber,ugriffinexample.com
Jennifer Mora,22,christina38example.com
Jackie York,abc,xgutierrez@jones-carr.com
,notanumber,carrie01@yahoo.com
Jonathan Levine,19,jennifer26@villarreal-colon.com
David Mccullough,notanumber,katherine30@gmail.com
Julie Carter,32,beckerjamie@sloan-williams.com
Amy Wright,22,conleyjulia@gmail.com
Lisa Ramirez,58,chapmanhaley@gmail.com
Anthony Ross,40,schneiderjeremy@stephens.com
,abc,audreynichols@rios.org
Mrs. Jessica Jones MD,41,juliaferrell@davis.com
Anthony Singh,30,deniseblanchardexample.com
Erin Owens,abc,briannguyen@taylor-olson.com
Shelley West,36,smithangela@gmail.com
Nicholas Jennings,20,watsonchristina@hotmail.com
,notanumber,njohnsonexample.com
Erica Jones,,mjohnson@garza.org
Amanda Padilla,42,colleensanchez@gmail.com
Shaun Rose,abc,kristen34@guzman.com
Samantha Erickson,40,josephdavis@davenport-hampton.com
Carrie Gallegos,61,vharris@yahoo.com
Howard Frazier,21,loridiaz@wright.com
Susan Pham,21,campbellcolleen@hotmail.com
Michael Tyler,61,ariasalexandra@yahoo.com
Jeffrey Ortega,35,lewisanthony@hotmail.com
Dr. Megan Garrison,46,oconnelllarry@hamilton-fields.com
Anna Blackwell,34,marissacantrell@hotmail.com
Mr. Manuel Moore II,62,laura04@yahoo.com
Erin Adams,24,joseph32@rogers-mcconnell.biz
Katherine Williamson,,matthewsparks@yahoo.com
Logan Cruz,36,anthony42@lopez.biz
Alvin Harper,,carterdustinexample.com
Cassandra Washington,51,shermanmarcus@mitchell.com
Robert Bowers,65,rkane@hess.com
Sean Collins,notanumber,amandaevans@hotmail.com
Danielle Moreno,52,pweber@hotmail.com
Joseph White,54,zachary69@hotmail.com
Carrie Avila,39,espinozalouisexample.com
Betty Fuller,,paulamorrison@yahoo.com
Teresa Martin,27,jeremiahdavis@young.com
Angela Adams,55,tfranklinexample.com
Holly Mahoney,notanumber,robertwadeexample.com
Julie Perez,60,richardanderson@yahoo.com
Cindy Prince,61,nguyencassie@johnson.biz
Ariana Barrett,60,jacobsmartin@gmail.com
Jessica Clark,55,lynnmejia@yahoo.com
Daniel Mayer,abc,stacey15@cruz.com
Mrs. Michele Richard,27,holly02@yahoo.com
Desiree Baxter,52,zblake@hotmail.com
Steven Case,53,chelsea58@gmail.com
James Price,notanumber,martha12example.com
Darlene Kidd,49,jason62@yahoo.com
Alex Brown,notanumber,gwarren@webb.com
Jonathan Downs,notanumber,clementsjonathan@yahoo.com
Tracey Johnson,34,dwoodard@taylor-bailey.com
Keith White,45,jameswright@hotmail.com
Lisa Wright,25,clarkchristopher@henry-ryan.org
Anthony Ellison Jr.,29,shannon77@smith-cunningham.com
George Rivera,61,kathygilbert@ramos-lee.com
Aaron Myers,,gayvincentexample.com
Mark Wallace,notanumber,rgilbertexample.com
Janet Hernandez,38,revans@harris.biz
Anthony Robinson,40,ianholt@dominguez-wagner.com
Troy Bishop,notanumber,clarkeshelly@gmail.com
Felicia Smith,39,markharper@gmail.com
Elijah Blair,50,kevin35@gmail.com
Elizabeth Myers,notanumber,kelly28@yahoo.com
Emily Diaz,63,campbellmichael@white.com
Michelle Peck,46,jason36example.com
Amanda Mason,28,caitlinshields@martinez.com
Maria Armstrong,abc,echang@hotmail.com
James Scott,notanumber,campbelljoelexample.com
Benjamin Williams,55,vaughntanya@davis-wade.info
Dean Cherry,20,jerryallen@hotmail.com
Jennifer Freeman,56,lorimerritt@gray-taylor.com
Jamie Simmons,21,reneejohnson@hotmail.com
,notanumber,codybullock@yahoo.com
Sarah Williams,36,xpierce@hughes-valdez.info
Kari Marquez,41,rachel96@turner-mccarthy.com
Vanessa Ramirez,28,debrawhite@gmail.com
Tina Santiago,abc,kara76@yahoo.com
George Hardin,55,bradleyhill@gmail.com
Jason Williams,18,saunderscharlotte@hotmail.com
George Hudson,54,wayne89@yahoo.com
Gail Wilkins,20,mmartinez@mccall.com
Christy Tate,57,ghuffman@calhoun-ramirez.info
Emily Horne,55,oreed@hotmail.com
Amanda Foster,38,ufry@hotmail.com
Jason Stafford,38,gonzalesjoshua@gmail.com
Michael Smith,31,eryan@williams.info
